Organisation,Organisation type,Region,Prefectures,Admin2 PCode,Sites,Secteur,Activity type,Comments,Status,Start date,End date
ACF,Organisation internationale,Boke,Boffa,GIN001001,,Wash in health,Réhabilitation Infra santé ,"Construction 7 incinérateurs, Distribution des kits de EPI dans toutes les structures de santé (uniquement centres de santé de boffa)",En cours ,01/10/2014,31/12/2015
ACF,Organisation internationale,Conakry,Kaloum,GIN00200102,Commune de Kaloum - Hôpital Ignace Deen,Wash in health,Réhabilitation Infra santé ,Pt d'eau ,En cours ,01/10/2014,31/12/2015
ACF,Organisation internationale,Conakry,Matoto,GIN00200104,Commune de Matoto,Wash in community ,Distribution kits,Distribution kits ménage,En cours ,12/12/2015,31/12/2015
ACF,Organisation internationale,Conakry,Matoto,GIN00200104," Centres de Santé de Dapompa, Yimabaya Ecole et Tannene et le Poste de Santé de Gbessia Port 1",Wash in health,Réhabilitation Infra santé ,"Construction 4 incinérateurs, Réhabilitation 2 bloc latrines, Réhabilitation 3 système d'eau, Réhabilitation du système d'adduction d'eau à Ignace Deen + coté maternité + formaton en gestion des déchets.",En cours ,01/10/2014,31/12/2015
ACF,Organisation internationale,Conakry,Ratoma,GIN00200105,Commune de Ratoma,Wash in community ,Distribution kits,Distribution kits ménage,En cours ,12/12/2015,31/12/2015
ACF,Organisation internationale,Kindia,Forécariah,GIN005003,Toutes les sous-préfectures de Forécariah,Wash in community ,Distribution kits,Distribution kits ménage,En cours ,12/12/2015,31/01/2016
ACF,Organisation internationale,Kindia,Forécariah,GIN005003,5 Centres de Santé et 32 Postes de Santé de Forécariah,Wash in health,Réhabilitation Infra santé ,"Distribution des kits d'hygiène et desinfection, Construction 3 bloc latrines VIP",Terminé,01/10/2014,31/05/2015
ACF,Organisation internationale,Kindia,Forécariah,GIN005003,5 Centres de Santé et 32 Postes de Santé,Wash in health,Réhabilitation Infra santé ,"Distribution des kits EPI + Distribution des kits de gestion des déchets, Construction de 5 incinérateurs, 24 fosses, Réhabilitation de 14 points d'eau, Création de 16 puits ",En cours ,01/10/2014,31/12/2015
ACF,Organisation internationale,Kindia,Forécariah,GIN005003," Postes de Santé de Dègui-Dègui, Dafira et N'compan et 1 Centre et 14 Postes de Santé de Forécariah",Wash in health,Réhabilitation Infra santé ,"Construction 3 bloc latrines VIP, Réhabilitation 15 bloc latrines",Terminé,01/10/2014,31/08/2015
ACF,Organisation internationale,Kindia,Forécariah,GIN005003,"Sous-préfectures de Forécariah Centre Urbain, Kaliah, Benty, Kakossa, Kaback et Sikhourou. ",Wash in school,Distribution kits,Distribution kits écoles,En cours ,12/12/2023,31/03/2015
ACF,Organisation internationale,Labe,Koubia,GIN006001,Toutes les structures de la préfecture de Koubia (6 CS et 27 PS),Wash in health,Distri kits + Formation,"Distribution des kits d'hygiène,  Formation en chloration et désinfection",Terminé,01/10/2014,31/05/2015
ACF,Organisation internationale,Labe,Labé,GIN006002,Préfecture de Labé,Wash in community ,Distribution kits,Distribution kits ménage,En cours ,12/12/2015,31/12/2015
ACF,Organisation internationale,Labe,Labé,GIN006002,Toutes les structures de la préfecture de Labé (18 CS et 56 PS),Wash in health,Distri kits + Formation,Distribution des kits d'hygiène ,Terminé,01/10/2014,31/05/2015
ACF,Organisation internationale,Labe,Labé,GIN006002,Toutes les structures de la préfecture de Labé (18 CS et 56 PS),Wash in health,Réhabilitation Infra santé ,"Création des 3 puits, Réhabilitation de 7, Construction de 18 incinérateurs points d'eau, Réhabilitation de 8 latrines etc…, Distribution des kits EPI , Distri kits déchets & Formation en gestion de déchets + formations personnel",En cours ,01/10/2014,31/12/2015
ACF,Organisation internationale,Labe,Lélouma,GIN006003,Préfecture de Lelouma,Wash in community ,Distribution kits,Distribution kits ménage,Terminé,12/12/2015,31/04/2015
ACF,Organisation internationale,Labe,Lélouma,GIN006003,Toutes les structures de la préfecture de Lélouma (11 CS et 33 PS),Wash in health,Distri kits + Formation,"Distribution des kits d'hygiène, Formation en chloration et désinfection ",Terminé,01/10/2014,31/05/2015
ACF,Organisation internationale,Labe,Mali,GIN006004,Préfecture de Mali,Wash in community ,Distribution kits,Distribution kits ménage,Terminé,12/12/2015,31/04/2015
ACF,Organisation internationale,Labe,Mali,GIN006004,Toutes les structures de la préfecture de Mali (13 CS et 80 PS),Wash in health,Distri kits + Formation,Distribution des kits d'hygiène,Terminé,01/10/2014,31/05/2015
ACF,Organisation internationale,Labe,Tougué,GIN006005,Préfecture de Tougué,Wash in community ,Distribution kits,Distribution kits ménage,Terminé,12/12/2015,31/04/2015
ACF,Organisation internationale,Labe,Tougué,GIN006005,Toutes les structures de la préfecture de Tougué (10 CS et 25 PS),Wash in health,Distri kits + Formation,Distribution des kits d'hygiène Formation en chloration et désinfection ,Terminé,01/10/2014,31/05/2015
Carbone Guinee,ONG nationale,Conakry,Matam,GIN00200103,,Wash in community ,Sensibilisation,journée mondiale des latrines ,Planifié (non-financé),19/11/2015,20/11/2015
Carbone Guinee/ROSC WaSH,ONG nationale,Conakry,Kaloum,GIN00200102,,Wash in community ,Formation des élus locaux,"Mise en place du Réseau des Parlementaires pour l'Eau, l'Hygiene et l'assainissement (RéPHA Guinée)",Planifié (non-financé),12/11/2015,13/11/2015
Carbone Guinee/ROSC WaSH,ONG nationale,Labe,Labé,GIN006002,,Wash in community ,Sensibilisation,Journée des droits de l’homme ,Planifié (non-financé),10/12/2015,11/12/2015
Carbone Guinee/ROSC WaSH,ONG nationale,Nzerekore,Macenta,GIN008004,cf matrice Education,Wash in school,Sensibilisation,"journée mondiale de lavage des mains au savon (pour améliorer la situation sanitaire et le développement économique, les
questions du lavage des mains au savon et de l’accès à l’assainissement doivent
être abordées simultanément)",Planifié (non-financé),,
CONCERN UNIVERSAL,Organisation internationale,Kindia,Forécariah,GIN005003,une grosse partie Moussayah et Formariah ,Wash in community ,Sensibilisation,"Mobilisation communutaire pour la prévention, la surveillance et le contrôle d'Ebola",En cours ,01/08/2015,31/01/2016
CONCERN UNIVERSAL,Organisation internationale,Kindia,Forécariah,GIN005003,une grosse partie Moussayah et Formariah ,Wash in community ,ATPC,,Planifié (financé),01/11/2015,31/12/2016
CONCERN UNIVERSAL,Organisation internationale,Kindia,Forécariah,GIN005003,cf BDD Education,Wash in school,Autres,"Elaboration, mise en œuvre et suivi de plans WASH",Planifié (financé),01/11/2015,31/12/2016
CRF,Organisation internationale,Nzerekore,Macenta,GIN008004,cf bdd infra santé,Wash in health,Réhabilitation Infra santé ,Kits PCI / Kits gestion des déchets + Formations + construction  et réhabilitation latrines / pt d'eau,En cours ,01/06/2015,31/12/2016
CRF,Organisation internationale,Nzerekore,Macenta,GIN008004,,Wash in community ,Sensibilisation,Sensibilisation à l'hygiène de la population de la préfecture de Macenta,En cours ,01/07/2015,31/12/2016
CRF,Organisation internationale,Nzerekore,Macenta,GIN008004,,Wash in health,Réhabilitation Infra santé ,Construction d'une zone de triage à l'hopital préfectoral de Macenta,En cours ,01/07/2015,31/12/2016
CRS,Organisation internationale,Conakry,Matam,GIN00200103,CAT Carrière ,Wash in health,Réhabilitation Infra santé ,"Réhabilitation incinérateur, latrine, réparation en plombérie + distri kits + forma",Planifié (financé),Ultérieurement,
CRS,Organisation internationale,Conakry,Matoto,GIN00200104,"CS Gbessia, CS Tanènè, CS Yimbaya, Cs tombolia, CS Dapompa",Wash in health,Réhabilitation Infra santé ,"vidange et curage des fosses de latrine et TCM,  distribution d'eau, Réhabilitation et construction château, réparation des robinetteries  + distri kits + forma",Planifié (financé),Ultérieurement,
CRS,Organisation internationale,Conakry,Ratoma,GIN00200105,CS Hadja Djènè de Kaporo,Wash in health,Réhabilitation Infra santé ,"Forage, latrine, incinérateur, distribution de kits et formation  + distri kits + forma",Planifié (financé),Ultérieurement,
CRS,Organisation internationale,Nzerekore,Macenta,GIN008004,"CS Daro, Oremai, Sérdou et N'ézébéla",Wash in health,Réhabilitation Infra santé ,"Réhabilitation latrine, Réalisation incinérateur,  distribution kits et formation + distri kits + forma",Planifié (financé),Ultérieurement,
CRS,Organisation internationale,Nzerekore,Nzérékoré,GIN008005,"CS Commercial, CS Palé, CS Bounouma, CS Samoé",Wash in health,Réhabilitation Infra santé ,"Rélisation d'un château d'eau, réhabilation forage et latrine, réalisation d'incinérateur, distribution de kits et formation",Planifié (financé),Ultérieurement,
International Medical Corps,Organisation internationale,Boke,Boké,GIN001002,"Kassapo, Kolaboui et Corera",Wash in health,Réhabilitation Infra santé ,"rehab. latrines, rehab.forage, renforcement de capacite de stockage d'eau, formation WASH, gestion des dechets biomedicaux, distribution des materiels WASH, Controle des vecteurs, WASH dans les centre de tri",En cours ,06/02/2015,31/01/2016
International Medical Corps,Organisation internationale,Conakry,Dixinn,GIN00200101,Hopital de Donka,Wash in health,Réhabilitation Infra santé ,"rehab. latrines, rehab.forage, distribution des materiels WASH, formation WASH, Gestion des dechets biomedicaux, ontrole de vecteur, WASH dans les centre de tri",En cours ,06/02/2015,31/01/2016
International Medical Corps,Organisation internationale,Conakry,Matoto,GIN00200104,CMC Matoto,Wash in health,Réhabilitation Infra santé ,"rehab. latrines, renforcement de capacite de stockage d'eau, distribution des materiels WASH,",En cours ,06/02/2015,31/01/2016
International Medical Corps,Organisation internationale,Kindia,Coyah,GIN005001,Coyah,Wash in health,Réhabilitation Infra santé ,"rehab. latrines, rehab.forage, renforcement de capacite de stockage d'eau, formation WASH, gestion des dechets biomedicaux, distribution des materiels WASH, Controle des vecteurs, WASH dans les centre de tri",En cours ,06/02/2015,31/01/2016
International Medical Corps,Organisation internationale,Kindia,Dubréka,GIN005002,Dubreka,Wash in health,Réhabilitation Infra santé ,"rehab. latrines, rehab.forage, renforcement de capacite de stockage d'eau, formation WASH, gestion des dechets biomedicaux, Controle des vecteurs, distribution des materiels WASH, WASH dans les centre de tri",En cours ,06/02/2015,31/01/2016
International Medical Corps,Organisation internationale,Kindia,Kindia,GIN005004,Kindia,Wash in health,Réhabilitation Infra santé ,"rehab. latrines, rehab.forage, renforcement de capacite de stockage d'eau, formation WASH, gestion des dechets biomedicaux, distribution des materiels WASH, Controle des vecteurs, WASH dans les centre de tri",En cours ,06/02/2015,31/01/2016
OMS,Organisation internationale,Boke,Boffa,GIN001001,cf BDD  infra -santé,Wash in health,Réhabilitation Infra santé ,Centre de triage de l'Hôpital préfectoral,Terminé,01/05/2015,31/08/2015
OMS,Organisation internationale,Boke,Boffa,GIN001001,cf BDD  infra -santé,Wash in health,Réhabilitation Infra santé ,Centre de triage de l'île Kito,Terminé,01/05/2015,30/09/2015
OMS,Organisation internationale,Boke,Fria,GIN001005,cf BDD  infra -santé,Wash in health,Réhabilitation Infra santé ,Centre de triage de l'Hôpital Rusal +,Planifié (financé),01/09/2015,31/03/2016
OMS,Organisation internationale,Conakry,Dixinn,GIN00200101,cf BDD  infra -santé,Wash in health,Réhabilitation Infra santé ,Centre de triage du CMC de Minière,Terminé,01/05/2015,31/08/2015
OMS,Organisation internationale,Conakry,Kaloum,GIN00200102,cf BDD  infra -santé,Wash in health,Réhabilitation Infra santé ,Centre de triage de l'hôpital national Igance Deen Bloc A,Terminé,01/04/2015,31/08/2015
OMS,Organisation internationale,Conakry,Kaloum,GIN00200102,cf BDD  infra -santé,Wash in health,Réhabilitation Infra santé ,Centre de triage du CS Boulbinet,Planifié (financé),01/09/2015,31/03/2016
OMS,Organisation internationale,Conakry,Matam,GIN00200103,cf BDD  infra -santé,Wash in health,Réhabilitation Infra santé ,Centre de triage du CMC Coléah,Terminé,01/05/2015,31/08/2015
OMS,Organisation internationale,Conakry,Matam,GIN00200103,cf BDD  infra -santé,Wash in health,Réhabilitation Infra santé ,Centre de triage du CMC Matam,Terminé,01/05/2015,31/08/2015
OMS,Organisation internationale,Conakry,Ratoma,GIN00200105,cf BDD  infra -santé,Wash in health,Réhabilitation Infra santé ,Centre de triage SinoGuinéen,Terminé,01/05/2015,31/08/2015
OMS,Organisation internationale,Conakry,Ratoma,GIN00200105,cf BDD  infra -santé,Wash in health,Réhabilitation Infra santé ,Centre de triage du CMC de Ratoma,Terminé,01/05/2015,31/08/2015
OMS,Organisation internationale,Conakry,Ratoma,GIN00200105,cf BDD  infra -santé,Wash in health,Réhabilitation Infra santé ,Centre de triage du CMC de Jean-Paul II,Terminé,01/05/2015,31/08/2015
OMS,Organisation internationale,Conakry,Ratoma,GIN00200105,cf BDD  infra -santé,Wash in health,Réhabilitation Infra santé ,Centre de triage du CMC de CMC Flamboyant,Planifié (financé),01/09/2015,31/03/2016
OMS,Organisation internationale,Kindia,Coyah,GIN005001,cf BDD  infra -santé,Wash in health,Réhabilitation Infra santé ,Incinérateur Univers RedLine-TTM,En cours ,04/04/2015,12/11/2015
OMS,Organisation internationale,Kindia,Dubréka,GIN005002,cf BDD  infra -santé,Wash in health,Réhabilitation Infra santé ,Incinérateur Univers RedLine-TTM,En cours ,04/04/2015,12/11/2015
OMS,Organisation internationale,Kindia,Dubréka,GIN005002,cf BDD  infra -santé,Wash in health,Réhabilitation Infra santé ,Centre de triage de CSA de Tanènè,Planifié (financé),01/09/2015,31/03/2016
OMS,Organisation internationale,Kindia,Forécariah,GIN005003,cf BDD  infra -santé,Wash in health,Réhabilitation Infra santé ,Incinérateur Univers RedLine-TTM,En cours ,04/04/2015,12/11/2015
OMS,Organisation internationale,Kindia,Forécariah,GIN005003,cf BDD  infra -santé,Wash in health,Réhabilitation Infra santé ,Centre de triage de l'Hôpital préfectoral,Planifié (financé),01/09/2015,31/03/2016
OMS,Organisation internationale,Kindia,Kindia,GIN005004,cf BDD  infra -santé,Wash in health,Réhabilitation Infra santé ,Centre de triage du CSU de Manquepas,Planifié (financé),01/09/2015,31/03/2016
OMS,Organisation internationale,Kindia,Télimelé,GIN005005,cf BDD  infra -santé,Wash in health,Réhabilitation Infra santé ,Centre de triage de l'Hôpital préfectoral,Planifié (financé),01/09/2015,31/03/2016
OMS,Organisation internationale,Nzerekore,Beyla,GIN008001,cf BDD  infra -santé,Wash in health,Réhabilitation Infra santé ,Centre de triage de l'Hôpital préfectoral,En cours ,01/05/2015,31/08/2015
OMS,Organisation internationale,Nzerekore,Lola,GIN008003,cf BDD  infra -santé,Wash in health,Réhabilitation Infra santé ,Incinérateur Univers RedLine-TTM,En cours ,04/04/2015,12/11/2015
OMS,Organisation internationale,Nzerekore,Macenta,GIN008004,cf BDD  infra -santé,Wash in health,Réhabilitation Infra santé ,Incinérateur Univers RedLine-TTM,En cours ,04/04/2015,12/11/2015
OMS,Organisation internationale,Nzerekore,Nzérékoré,GIN008005,cf BDD  infra -santé,Wash in health,Réhabilitation Infra santé ,Incinérateur HWI5-TTM,En cours ,04/04/2015,12/11/2015
OMS,Organisation internationale,Nzerekore,Nzérékoré,GIN008005,cf BDD  infra -santé,Wash in health,Réhabilitation Infra santé ,Centre de triage de l'Hôpital préfectoral,En cours ,01/05/2015,31/08/2015
OMS,Organisation internationale,Nzerekore,Yomou,GIN008006,cf BDD  infra -santé,Wash in health,Réhabilitation Infra santé ,Incinérateur Univers RedLine-TTM,En cours ,04/04/2015,12/11/2015
PLAN GUINEE,Organisation internationale,Faranah,Dabola,GIN003001,voir avec BDD Ecoles,Wash in school,Latrines,Faire le paquet WASH complet ?,Planifié (financé),01/07/2013,01/07/2017
PLAN GUINEE,Organisation internationale,Faranah,Dabola,GIN003001,voir avec BDD Ecoles,Wash in school,Points d'eau ,Voir avec ministère Education,Planifié (financé),01/07/2013,01/07/2017
PLAN GUINEE,Organisation internationale,Faranah,Dinguiraye,GIN003002,voir avec BDD Ecoles,Wash in school,Latrines,Faire le paquet WASH complet ?,Planifié (financé),01/07/2013,01/07/2017
PLAN GUINEE,Organisation internationale,Faranah,Dinguiraye,GIN003002,voir avec BDD Ecoles,Wash in school,Points d'eau ,Voir avec ministère Education,Planifié (financé),01/07/2013,01/07/2017
PLAN GUINEE,Organisation internationale,Faranah,Faranah,GIN003003,voir avec BDD Ecoles,Wash in school,Points d'eau ,Faire le paquet WASH complet ?,Planifié (financé),01/07/2013,01/07/2017
PLAN GUINEE,Organisation internationale,Faranah,Faranah,GIN003003,voir avec BDD Ecoles,Wash in school,Latrines,Voir avec ministère Education,Planifié (financé),01/07/2013,01/07/2017
PLAN GUINEE,Organisation internationale,Faranah,Kissidougou,GIN003004,,Wash in community ,Sensibilisation,,En cours ,01/03/2015,30/09/2015
PLAN GUINEE,Organisation internationale,Kindia,Coyah,GIN005001,,Wash in community ,Distri kits + sensibilisation,,En cours ,15/07/2015,15/12/2015
PLAN GUINEE,Organisation internationale,Kindia,Coyah,GIN005001,,Wash in community ,Latrines,,En cours ,15/07/2015,15/12/2015
PLAN GUINEE,Organisation internationale,Kindia,Coyah,GIN005001,,Wash in community ,Points d'eau ,,En cours ,15/07/2015,15/12/2015
PLAN GUINEE,Organisation internationale,Kindia,Dubréka,GIN005002,,Wash in community ,Distri kits + sensibilisation,,En cours ,15/07/2015,15/12/2015
PLAN GUINEE,Organisation internationale,Kindia,Dubréka,GIN005002,,Wash in community ,Latrines,,En cours ,15/07/2015,15/12/2015
PLAN GUINEE,Organisation internationale,Kindia,Dubréka,GIN005002,,Wash in community ,Points d'eau ,,En cours ,15/07/2015,15/12/2015
PLAN GUINEE,Organisation internationale,Kindia,Forécariah,GIN005003,,Wash in community ,Distri kits + sensibilisation,,En cours ,15/07/2015,15/12/2015
PLAN GUINEE,Organisation internationale,Kindia,Forécariah,GIN005003,,Wash in community ,Latrines,,En cours ,15/07/2015,15/12/2015
PLAN GUINEE,Organisation internationale,Kindia,Forécariah,GIN005003,,Wash in community ,Points d'eau ,,En cours ,15/07/2015,15/12/2015
PLAN GUINEE,Organisation internationale,Kindia,Télimelé,GIN005005,voir avec BDD Ecoles,Wash in school,Latrines,,En cours ,15/07/2015,15/12/2015
PLAN GUINEE,Organisation internationale,Nzerekore,Gueckédou,GIN008002,,Wash in community ,Distribution kits,,Terminé,01/03/2015,30/09/2015
PLAN GUINEE,Organisation internationale,Nzerekore,Gueckédou,GIN008002,,Wash in community ,Distri kits + sensibilisation,,Terminé,01/03/2015,30/09/2015
PLAN GUINEE,Organisation internationale,Nzerekore,Macenta,GIN008004,,Wash in community ,Distribution kits,,Terminé,01/03/2015,30/09/2015
PLAN GUINEE,Organisation internationale,Nzerekore,Macenta,GIN008004,cf matrice in fra santé,Wash in health,Réhabilitation Infra santé ,Réha + pt d'eau,Terminé,01/03/2015,30/09/2015
PLAN GUINEE,Organisation internationale,Nzerekore,Macenta,GIN008004,voir avec BDD Ecoles,Wash in school,Latrines,,Terminé,01/03/2015,30/09/2015
PLAN GUINEE,Organisation internationale,Nzerekore,Macenta,GIN008004,voir avec BDD Ecoles,Wash in school,Points d'eau ,,Terminé,01/03/2015,30/09/2015
PLAN GUINEE,Organisation internationale,Nzerekore,Macenta,GIN008004,voir avec BDD Ecoles,Wash in school,Distribution kits,,Terminé,01/03/2015,30/09/2015
PSI/Guinee,Organisation internationale,Conakry,Dixinn,GIN00200101,"36 lieux répartis sur toutes les préfectures listées, dont un ou des lieux (gare routière, marché etc)  non encore définis mais au sein de toute la commune urbaine",Wash in community ,Sensibilisation,Supervison et action dans le projet de Campagne de sensibilisation (Affiches + sensibilisation) dans 36 lieux répartis dans toutes les préfectures listées,En cours ,01/09/2015,31/03/2016
PSI/Guinee,Organisation internationale,Conakry,Dixinn,GIN00200101,,Wash in community ,Autres,Renforcer les capacités des hommes de média dans la lutte contre les rumeurs pour qu'ils diffusent des bonnes info. / Formation des journalistes sur la prévention des ,En cours ,01/11/2015,31/03/2016
PSI/Guinee,Organisation internationale,Conakry,Dixinn,GIN00200101,quels centres ?,Wash in health,Distri kits + Formation,"Gants, blouses plastiques +  5546 cartons de savons, 7000 stations de lavage des mains et du chlore",En cours ,01/11/2015,31/03/2016
PSI/Guinee,Organisation internationale,Conakry,Dixinn,GIN00200101,24 écoles réparties sur les préfectures listées dont une ou des écoles non définies mais au sein de toute la commune urbaine,Wash in school,Sensibilisation,Supervison et action dans le projet de Campagne de sensibilisation (Affiches + sensibilisation) dans 24 écoles réparties dans toutes les préfectures listées,Planifié (financé),10/11/2015,31/03/2016
PSI/Guinee,Organisation internationale,Conakry,Kaloum,GIN00200102,"36 lieux répartis sur toutes les préfectures listées, dont un ou des lieux (gare routière, marché etc)  non encore définis mais au sein de toute la commune urbaine",Wash in community ,Sensibilisation,Supervison et action dans le projet de Campagne de sensibilisation (Affiches + sensibilisation) dans 36 lieux répartis dans toutes les préfectures listées,En cours ,01/09/2015,31/03/2016
PSI/Guinee,Organisation internationale,Conakry,Kaloum,GIN00200102,,Wash in community ,Sensibilisation,Masse media Radio  /Renforcer les capacités des hommes de média dans la lutte contre les rumeurs pour qu'ils diffusent des bonnes info. / Formation des journalistes sur la sensib WASH / radios,En cours ,01/09/2015,31/03/2016
PSI/Guinee,Organisation internationale,Conakry,Kaloum,GIN00200102,quels centres ?,Wash in health,Distri kits + Formation,"Gants, blouses plastiques +  5546 cartons de savons, 7000 stations de lavage des mains et du chlore",En cours ,01/09/2015,31/03/2016
PSI/Guinee,Organisation internationale,Conakry,Kaloum,GIN00200102,24 écoles réparties sur les préfectures listées dont une ou des écoles non définies mais au sein de toute la commune urbaine,Wash in school,Sensibilisation,Supervison et action dans le projet de Campagne de sensibilisation (Affiches + sensibilisation) ,Planifié (financé),10/11/2015,31/03/2016
PSI/Guinee,Organisation internationale,Conakry,Matam,GIN00200103,"36 lieux répartis sur toutes les préfectures listées, dont un ou des lieux (gare routière, marché etc)  non encore définis mais au sein de toute la commune urbaine",Wash in community ,Sensibilisation,Supervison et action dans le projet de Campagne de sensibilisation (Affiches + sensibilisation) dans 36 lieux répartis dans toutes les préfectures listées,En cours ,01/09/2015,31/03/2016
PSI/Guinee,Organisation internationale,Conakry,Matam,GIN00200103,,Wash in community ,Autres,Renforcer les capacités des hommes de média dans la lutte contre les rumeurs pour qu'ils diffusent des bonnes info. / Formation des journalistes sur la prévention des ,En cours ,01/09/2015,31/03/2016
PSI/Guinee,Organisation internationale,Conakry,Matam,GIN00200103,quels centres ?,Wash in health,Distri kits + Formation,"Gants, blouses plastiques +  5546 cartons de savons, 7000 stations de lavage des mains et du chlore",En cours ,01/09/2015,31/03/2016
PSI/Guinee,Organisation internationale,Conakry,Matam,GIN00200103,24 écoles réparties sur les préfectures listées dont une ou des écoles non définies mais au sein de toute la commune urbaine,Wash in school,Sensibilisation,Supervison et action dans le projet de Campagne de sensibilisation (Affiches + sensibilisation) dans 24 écoles réparties dans toutes les préfectures listées,Planifié (financé),10/11/2015,31/03/2016
PSI/Guinee,Organisation internationale,Conakry,Matoto,GIN00200104,"36 lieux répartis sur toutes les préfectures listées, dont un ou des lieux (gare routière, marché etc)  non encore définis mais au sein de toute la commune urbaine",Wash in community ,Sensibilisation,Supervison et action dans le projet de Campagne de sensibilisation (Affiches + sensibilisation) dans 36 lieux répartis dans toutes les préfectures listées,En cours ,01/09/2015,31/03/2016
PSI/Guinee,Organisation internationale,Conakry,Matoto,GIN00200104,,Wash in community ,Autres,Renforcer les capacités des hommes de média dans la lutte contre les rumeurs pour qu'ils diffusent des bonnes info. / Formation des journalistes sur la prévention des ,En cours ,01/09/2015,31/03/2016
PSI/Guinee,Organisation internationale,Conakry,Matoto,GIN00200104,quels centres ?,Wash in health,Distri kits + Formation,"Gants, blouses plastiques +  5546 cartons de savons, 7000 stations de lavage des mains et du chlore",En cours ,01/09/2015,31/03/2016
PSI/Guinee,Organisation internationale,Conakry,Matoto,GIN00200104,24 écoles réparties sur les préfectures listées dont une ou des écoles non définies mais au sein de toute la commune urbaine,Wash in school,Sensibilisation,Supervison et action dans le projet de Campagne de sensibilisation (Affiches + sensibilisation) dans 24 écoles réparties dans toutes les préfectures listées,Planifié (financé),10/11/2015,31/03/2016
PSI/Guinee,Organisation internationale,Conakry,Ratoma,GIN00200105,"36 lieux répartis sur toutes les préfectures listées, dont un ou des lieux (gare routière, marché etc)  non encore définis mais au sein de toute la commune urbaine",Wash in community ,Sensibilisation,Supervison et action dans le projet de Campagne de sensibilisation (Affiches + sensibilisation) dans 36 lieux répartis dans toutes les préfectures listées,En cours ,01/09/2015,31/03/2016
PSI/Guinee,Organisation internationale,Conakry,Ratoma,GIN00200105,,Wash in community ,Autres,Renforcer les capacités des hommes de média dans la lutte contre les rumeurs pour qu'ils diffusent des bonnes info. / Formation des journalistes sur la prévention des ,En cours ,01/09/2015,31/03/2016
PSI/Guinee,Organisation internationale,Conakry,Ratoma,GIN00200105,quels centres ?,Wash in health,Distri kits + Formation,"Gants, blouses plastiques +  5546 cartons de savons, 7000 stations de lavage des mains et du chlore",En cours ,01/09/2015,31/03/2016
PSI/Guinee,Organisation internationale,Conakry,Ratoma,GIN00200105,24 écoles réparties sur les préfectures listées dont une ou des écoles non définies mais au sein de toute la commune urbaine,Wash in school,Sensibilisation,Supervison et action dans le projet de Campagne de sensibilisation (Affiches + sensibilisation) dans 24 écoles réparties dans toutes les préfectures listées,Planifié (financé),10/11/2015,31/03/2016
PSI/Guinee,Organisation internationale,Faranah,Faranah,GIN003003,"36 lieux répartis sur toutes les préfectures listées, dont un ou des lieux (gare routière, marché etc)  non encore définis mais au sein de toute la commune urbaine",Wash in community ,Sensibilisation,Supervison et action dans le projet de Campagne de sensibilisation (Affiches + sensibilisation) dans 36 lieux répartis dans toutes les préfectures listées,En cours ,01/09/2015,31/03/2016
PSI/Guinee,Organisation internationale,Faranah,Faranah,GIN003003,,Wash in community ,Autres,Renforcer les capacités des hommes de média dans la lutte contre les rumeurs pour qu'ils diffusent des bonnes info. / Formation des journalistes sur la prévention des ,En cours ,01/09/2015,31/03/2016
PSI/Guinee,Organisation internationale,Faranah,Faranah,GIN003003,quels centres ?,Wash in health,Distri kits + Formation,"Gants, blouses plastiques +  5546 cartons de savons, 7000 stations de lavage des mains et du chlore",En cours ,01/09/2015,31/03/2016
PSI/Guinee,Organisation internationale,Faranah,Faranah,GIN003003,24 écoles réparties sur les préfectures listées dont une ou des écoles non définies mais au sein de toute la commune urbaine,Wash in school,Sensibilisation,Supervison et action dans le projet de Campagne de sensibilisation (Affiches + sensibilisation) dans 24 écoles réparties dans toutes les préfectures listées,Planifié (financé),10/11/2015,31/03/2016
PSI/Guinee,Organisation internationale,Kankan,Kankan,GIN004001,"36 lieux répartis sur toutes les préfectures listées, dont un ou des lieux (gare routière, marché etc)  non encore définis mais au sein de toute la commune urbaine",Wash in community ,Sensibilisation,Supervison et action dans le projet de Campagne de sensibilisation (Affiches + sensibilisation) dans 36 lieux répartis dans toutes les préfectures listées,En cours ,01/09/2015,31/03/2016
PSI/Guinee,Organisation internationale,Kankan,Kankan,GIN004001,,Wash in community ,Autres,Renforcer les capacités des hommes de média dans la lutte contre les rumeurs pour qu'ils diffusent des bonnes info. / Formation des journalistes sur la prévention des ,En cours ,01/09/2015,31/03/2016
PSI/Guinee,Organisation internationale,Kankan,Kankan,GIN004001,quels centres ?,Wash in health,Distri kits + Formation,"Gants, blouses plastiques +  5546 cartons de savons, 7000 stations de lavage des mains et du chlore",En cours ,01/09/2015,31/03/2016
PSI/Guinee,Organisation internationale,Kankan,Kankan,GIN004001,quels centres ?,Wash in health,Distri kits + Formation,"Gants, blouses plastiques +  5546 cartons de savons, 7000 stations de lavage des mains et du chlore",En cours ,01/09/2015,31/03/2016
PSI/Guinee,Organisation internationale,Kankan,Kankan,GIN004001,24 écoles réparties sur les préfectures listées dont une ou des écoles non définies mais au sein de toute la commune urbaine,Wash in school,Sensibilisation,Supervison et action dans le projet de Campagne de sensibilisation (Affiches + sensibilisation) dans 24 écoles réparties dans toutes les préfectures listées,Planifié (financé),10/11/2015,31/03/2016
PSI/Guinee,Organisation internationale,Kankan,Kankan,GIN004001,24 écoles réparties sur les préfectures listées dont une ou des écoles non définies mais au sein de toute la commune urbaine,Wash in school,Sensibilisation,Supervison et action dans le projet de Campagne de sensibilisation (Affiches + sensibilisation) dans 24 écoles réparties dans toutes les préfectures listées,Planifié (financé),10/11/2015,31/03/2016
PSI/Guinee,Organisation internationale,Kindia,Forécariah,GIN005003,"36 lieux répartis sur toutes les préfectures listées, dont un ou des lieux (gare routière, marché etc)  non encore définis mais au sein de toute la commune urbaine",Wash in community ,Sensibilisation,Supervison et action dans le projet de Campagne de sensibilisation (Affiches + sensibilisation) dans 36 lieux répartis dans toutes les préfectures listées,En cours ,01/09/2015,31/03/2016
PSI/Guinee,Organisation internationale,Kindia,Forécariah,GIN005003,,Wash in community ,Autres,Renforcer les capacités des hommes de média dans la lutte contre les rumeurs pour qu'ils diffusent des bonnes info. / Formation des journalistes sur la prévention des ,En cours ,01/09/2015,31/03/2016
PSI/Guinee,Organisation internationale,Kindia,Forécariah,GIN005003,quels centres ?,Wash in health,Distri kits + Formation,"Gants, blouses plastiques +  5546 cartons de savons, 7000 stations de lavage des mains et du chlore",En cours ,01/09/2015,31/03/2016
PSI/Guinee,Organisation internationale,Kindia,Forécariah,GIN005003,24 écoles réparties sur les préfectures listées dont une ou des écoles non définies mais au sein de toute la commune urbaine,Wash in school,Sensibilisation,Supervison et action dans le projet de Campagne de sensibilisation (Affiches + sensibilisation) dans 24 écoles réparties dans toutes les préfectures listées,Planifié (financé),10/11/2015,31/03/2016
PSI/Guinee,Organisation internationale,Nzerekore,Gueckédou,GIN008002,"36 lieux répartis sur toutes les préfectures listées, dont un ou des lieux (gare routière, marché etc)  non encore définis mais au sein de toute la commune urbaine",Wash in community ,Sensibilisation,Supervison et action dans le projet de Campagne de sensibilisation (Affiches + sensibilisation) dans 36 lieux répartis dans toutes les préfectures listées,En cours ,01/09/2015,31/03/2016
PSI/Guinee,Organisation internationale,Nzerekore,Gueckédou,GIN008002,,Wash in community ,Autres,Renforcer les capacités des hommes de média dans la lutte contre les rumeurs pour qu'ils diffusent des bonnes info. / Formation des journalistes sur la prévention des ,En cours ,01/09/2015,31/03/2016
PSI/Guinee,Organisation internationale,Nzerekore,Gueckédou,GIN008002,quels centres ?,Wash in health,Distri kits + Formation,"Gants, blouses plastiques +  5546 cartons de savons, 7000 stations de lavage des mains et du chlore",En cours ,01/09/2015,31/03/2016
PSI/Guinee,Organisation internationale,Nzerekore,Gueckédou,GIN008002,24 écoles réparties sur les préfectures listées dont une ou des écoles non définies mais au sein de toute la commune urbaine,Wash in school,Sensibilisation,Supervison et action dans le projet de Campagne de sensibilisation (Affiches + sensibilisation) dans 24 écoles réparties dans toutes les préfectures listées,Planifié (financé),10/11/2015,31/03/2016
PSI/Guinee,Organisation internationale,Nzerekore,Macenta,GIN008004,"36 lieux répartis sur toutes les préfectures listées, dont un ou des lieux (gare routière, marché etc)  non encore définis mais au sein de toute la commune urbaine",Wash in community ,Sensibilisation,Supervison et action dans le projet de Campagne de sensibilisation (Affiches + sensibilisation) dans 36 lieux répartis dans toutes les préfectures listées,En cours ,01/09/2015,31/03/2016
PSI/Guinee,Organisation internationale,Nzerekore,Macenta,GIN008004,,Wash in community ,Autres,Renforcer les capacités des hommes de média dans la lutte contre les rumeurs pour qu'ils diffusent des bonnes info. / Formation des journalistes sur la prévention des ,En cours ,01/09/2015,31/03/2016
PSI/Guinee,Organisation internationale,Nzerekore,Macenta,GIN008004,quels centres ?,Wash in health,Distri kits + Formation,"Gants, blouses plastiques +  5546 cartons de savons, 7000 stations de lavage des mains et du chlore",En cours ,01/09/2015,31/03/2016
PSI/Guinee,Organisation internationale,Nzerekore,Macenta,GIN008004,24 écoles réparties sur les préfectures listées dont une ou des écoles non définies mais au sein de toute la commune urbaine,Wash in school,Sensibilisation,Supervison et action dans le projet de Campagne de sensibilisation (Affiches + sensibilisation) dans 24 écoles réparties dans toutes les préfectures listées,Planifié (financé),10/11/2015,31/03/2016
PSI/Guinee,Organisation internationale,Nzerekore,Nzérékoré,GIN008005,"36 lieux répartis sur toutes les préfectures listées, dont un ou des lieux (gare routière, marché etc)  non encore définis mais au sein de toute la commune urbaine",Wash in community ,Sensibilisation,Supervison et action dans le projet de Campagne de sensibilisation (Affiches + sensibilisation) dans 36 lieux répartis dans toutes les préfectures listées,En cours ,01/09/2015,31/03/2016
PSI/Guinee,Organisation internationale,Nzerekore,Nzérékoré,GIN008005,,Wash in community ,Autres,Renforcer les capacités des hommes de média dans la lutte contre les rumeurs pour qu'ils diffusent des bonnes info. / Formation des journalistes sur la prévention des ,En cours ,01/09/2015,31/03/2016
PSI/Guinee,Organisation internationale,Nzerekore,Nzérékoré,GIN008005,quels centres ?,Wash in health,Distri kits + Formation,"Gants, blouses plastiques +  5546 cartons de savons, 7000 stations de lavage des mains et du chlore",En cours ,01/09/2015,31/03/2016
PSI/Guinee,Organisation internationale,Nzerekore,Nzérékoré,GIN008005,24 écoles réparties sur les préfectures listées dont une ou des écoles non définies mais au sein de toute la commune urbaine,Wash in school,Sensibilisation,Supervison et action dans le projet de Campagne de sensibilisation (Affiches + sensibilisation) dans 24 écoles réparties dans toutes les préfectures listées,Planifié (financé),10/11/2015,31/03/2016
PUI,Organisation internationale,Kindia,Coyah,GIN005001,,Wash in community ,Distri kits + sensibilisation,"Santé, hygiène et prévention",En cours ,01/09/2015,30/06/2016
PUI,Organisation internationale,Kindia,Coyah,GIN005001,Postes de santé,Wash in health,Réhabilitation Infra santé ,Kits PCI / Kits gestion des déchets + Formations + construction  et réhabilitation latrines / pt d'eau,En cours ,01/06/2015,30/06/2016
PUI,Organisation internationale,Kindia,Dubréka,GIN005002,,Wash in community ,Distri kits + sensibilisation,"Santé, hygiène et prévention",En cours ,01/09/2015,30/06/2016
PUI,Organisation internationale,Kindia,Dubréka,GIN005002,Postes de santé,Wash in health,Réhabilitation Infra santé ,"Distribution Kits Formation PCI, triage, gestion des déchets + formation",En cours ,01/06/2015,30/06/2016
ROSC WaSH,societe civile,Kindia,Kindia,GIN005004,voir avec BDD Ecoles,Wash in school,Distribution kits,Journée Universelle de l'enfant,Planifié (non-financé),20/11/2015,21/11/2015
Sante PLUS,ONG nationale,Conakry,,#N/A,Conakry,Wash in school,Sensibilisation,Paire éducation dans les ècoles de Conakry,Planifié (non-financé),14/12/2015,31/07/2016
TdH,Organisation internationale,Conakry,Dixinn,GIN00200101,cf matrice infra Conakry,Wash in community ,Sensibilisation,,En cours ,01/12/2014,30/11/2015
TdH,Organisation internationale,Conakry,Dixinn,GIN00200101,cf matrice infra Conakry,Wash in health,Réhabilitation Infra santé ,,En cours ,01/12/2014,30/11/2015
TdH,Organisation internationale,Conakry,Dixinn,GIN00200101,cf BDD Education,Wash in school,Paquet complet WASH,,En cours ,01/12/2014,30/11/2015
TdH,Organisation internationale,Conakry,Kaloum,GIN00200102,cf matrice infra Conakry,Wash in community ,Sensibilisation,,En cours ,01/12/2014,30/11/2015
TdH,Organisation internationale,Conakry,Kaloum,GIN00200102,cf matrice infra Conakry,Wash in health,Réhabilitation Infra santé ,,En cours ,01/12/2014,30/11/2015
TdH,Organisation internationale,Conakry,Kaloum,GIN00200102,cf BDD Education,Wash in school,Paquet complet WASH,,En cours ,01/12/2014,30/11/2015
TdH,Organisation internationale,Conakry,Matam,GIN00200103,cf matrice infra Conakry,Wash in community ,Sensibilisation,,En cours ,01/12/2014,30/11/2015
TdH,Organisation internationale,Conakry,Matam,GIN00200103,cf matrice infra Conakry,Wash in health,Réhabilitation Infra santé ,Latrines,En cours ,01/12/2014,30/11/2015
TdH,Organisation internationale,Conakry,Matoto,GIN00200104,cf matrice infra Conakry,Wash in community ,Sensibilisation,,En cours ,01/12/2014,30/11/2015
TdH,Organisation internationale,Conakry,Matoto,GIN00200104,cf matrice infra Conakry,Wash in health,Réhabilitation Infra santé ,Pt d'eau ,En cours ,01/12/2014,30/11/2015
TdH,Organisation internationale,Conakry,Matoto,GIN00200104,cf BDD Education,Wash in school,Paquet complet WASH,,En cours ,01/12/2014,30/11/2015
TdH,Organisation internationale,Conakry,Ratoma,GIN00200105,cf matrice infra Conakry,Wash in community ,Sensibilisation,,En cours ,01/12/2014,30/11/2015
TdH,Organisation internationale,Conakry,Ratoma,GIN00200105,cf matrice infra Conakry,Wash in health,Réhabilitation Infra santé ,,En cours ,01/12/2014,30/11/2015
TdH,Organisation internationale,Kindia,Coyah,GIN005001,cf matrice infra Coyah,Wash in community ,Sensibilisation,,En cours ,01/12/2014,30/11/2015
TdH,Organisation internationale,Kindia,Coyah,GIN005001,cf matrice infra Coyah,Wash in health,Réhabilitation Infra santé ,Latrines & PT d'eau etc..,En cours ,01/12/2014,30/11/2015
TdH,Organisation internationale,Kindia,Coyah,GIN005001,cf BDD Education,Wash in school,Paquet complet WASH,,En cours ,01/12/2014,30/11/2015
TdH,Organisation internationale,Kindia,Dubréka,GIN005002,cf matrice infra Dubreka,Wash in community ,Sensibilisation,,En cours ,01/12/2014,30/11/2015
TdH,Organisation internationale,Kindia,Dubréka,GIN005002,cf matrice infra Dubreka,Wash in community ,Distri kits + sensibilisation,distribution de 4000 kits hygiene famille ,En cours ,01/12/2014,30/11/2015
TdH,Organisation internationale,Kindia,Dubréka,GIN005002,cf matrice infra Dubreka,Wash in health,Réhabilitation Infra santé ,Latrines & PT d'eau,En cours ,01/12/2014,30/11/2015
TdH,Organisation internationale,Kindia,Dubréka,GIN005002,cf BDD Education,Wash in school,Paquet complet WASH,,En cours ,01/12/2014,30/11/2015
TdH,Organisation internationale,Kindia,Forécariah,GIN005003,cf matrice infra Forécariah,Wash in community ,Sensibilisation,,En cours ,01/12/2014,30/11/2015
TdH,Organisation internationale,Kindia,Forécariah,GIN005003,cf matrice infra Forécariah,Wash in community ,Distribution kits,distribution de 4000 kits hygiene famille ,En cours ,01/12/2014,30/11/2015
TdH,Organisation internationale,Kindia,Forécariah,GIN005003,cf matrice infra Forécariah,Wash in health,Réhabilitation Infra santé ,Latrines & PT d'eau,En cours ,01/12/2014,30/11/2015
TdH,Organisation internationale,Kindia,Forécariah,GIN005003,cf BDD Education,Wash in school,Paquet complet WASH,,En cours ,01/12/2014,30/11/2015
TdH,Organisation internationale,Kindia,Kindia,GIN005004,cf matrice infra Kindia,Wash in community ,Sensibilisation,,En cours ,01/12/2014,30/11/2015
TdH,Organisation internationale,Kindia,Kindia,GIN005004,cf matrice infra Kindia,Wash in health,Réhabilitation Infra santé ,"Latrines, Pt d'eau",En cours ,01/12/2014,30/11/2015
TdH,Organisation internationale,Kindia,Kindia,GIN005004,cf BDD Education,Wash in school,Paquet complet WASH,,En cours ,01/12/2014,30/11/2015
TdH,Organisation internationale,Nzerekore,Beyla,GIN008001,cf BDD Education,Wash in school,Paquet complet WASH,,En cours ,01/12/2014,30/11/2015
TdH,Organisation internationale,Nzerekore,Lola,GIN008003,cf matrice infra Lola,Wash in community ,Sensibilisation,,En cours ,01/12/2014,30/11/2015
TdH,Organisation internationale,Nzerekore,Lola,GIN008003,cf matrice infra Lola,Wash in community ,Distribution kits,1302 kits Hygiene famille ,En cours ,01/12/2014,30/11/2015
TdH,Organisation internationale,Nzerekore,Lola,GIN008003,cf matrice infra Lola,Wash in health,Réhabilitation Infra santé ,,En cours ,01/12/2014,30/11/2015
TdH,Organisation internationale,Nzerekore,Lola,GIN008003,cf BDD Education,Wash in school,Paquet complet WASH,,En cours ,01/12/2014,30/11/2015
TdH,Organisation internationale,Nzerekore,Nzérékoré,GIN008005,cf matrice infra Nzérékoré,Wash in community ,Sensibilisation,,En cours ,01/12/2014,30/11/2015
TdH,Organisation internationale,Nzerekore,Nzérékoré,GIN008005,cf matrice infra Nzérékoré,Wash in community ,Distribution kits,1698 kits Hygiene famille ,En cours ,01/12/2014,30/11/2015
TdH,Organisation internationale,Nzerekore,Nzérékoré,GIN008005,cf matrice infra Nzérékoré,Wash in health,Réhabilitation Infra santé ,,En cours ,01/12/2014,30/11/2015
TdH,Organisation internationale,Nzerekore,Nzérékoré,GIN008005,cf BDD Education,Wash in school,Paquet complet WASH,,En cours ,01/12/2014,30/11/2015
TdH,Organisation internationale,Nzerekore,Yomou,GIN008006,cf matrice infra Yomou,Wash in community ,Sensibilisation,,En cours ,01/12/2014,30/11/2015
TdH,Organisation internationale,Nzerekore,Yomou,GIN008006,cf matrice infra Yomou,Wash in health,Réhabilitation Infra santé ,,En cours ,01/12/2014,30/11/2015
Danish Refugee Council (DRC),Organisation internationale,Boke,Boké,GIN001002,Cf fichier Zone d'intervention DRC en Basse Guinée,Wash in community ,Distri kits + sensibilisation,Distribution de kits + sensibilisation communautaire dans 10 localités dont 7 villages et 3 sites urbains,En cours ,15/08/2015,31/03/2016
Danish Refugee Council (DRC),Organisation internationale,Boke,Boké,GIN001002,Cf fichier Zone d'intervention DRC en Basse Guinée,Wash in community ,Points d'eau ,Réhabilitation de points d'eau à sélectionner dans 10 localités dont 7 villages et 3 sites urbains,En cours ,15/08/2015,31/03/2016
Danish Refugee Council (DRC),Organisation internationale,Boke,Boké,GIN001002,Cf fichier Zone d'intervention DRC en Basse Guinée,Wash in community ,Autres,"Mise à jour de la cartographie des risques, renforcement des capacités de comités & populations vulnérables dans 10 localités dont 7 villages et 3 sites urbains",Planifié (financé),01/11/2015,31/03/2016
Danish Refugee Council (DRC),Organisation internationale,Boke,Fria,GIN001005,Cf fichier Zone d'intervention DRC en Basse Guinée,Wash in community ,Distri kits + sensibilisation,Distribution de kits + sensibilisation communautaire dans 10 localités dont 4 villages et 6 sites urbains,En cours ,15/08/2015,31/03/2016
Danish Refugee Council (DRC),Organisation internationale,Boke,Fria,GIN001005,Cf fichier Zone d'intervention DRC en Basse Guinée,Wash in community ,Points d'eau ,Réhabilitation de points d'eau à sélectionner dans 10 localités dont 4 villages et 6 sites urbains,En cours ,15/08/2015,31/03/2016
Danish Refugee Council (DRC),Organisation internationale,Boke,Fria,GIN001005,Cf fichier Zone d'intervention DRC en Basse Guinée,Wash in community ,Autres,"Mise à jour de la cartographie des risques, renforcement des capacités de comités & populations vulnérables dans 10 localités dont 4 villages et 6 sites urbains",Planifié (financé),01/11/2015,31/03/2016
Danish Refugee Council (DRC),Organisation internationale,Kindia,Kindia,GIN005004,Cf fichier Zone d'intervention DRC en Basse Guinée,Wash in community ,Distri kits + sensibilisation,Distribution de kits + sensibilisation communautaire dans 13 localités dont 6 villages et 7 sites urbains,En cours ,15/08/2015,31/03/2016
Danish Refugee Council (DRC),Organisation internationale,Kindia,Kindia,GIN005004,Cf fichier Zone d'intervention DRC en Basse Guinée,Wash in community ,Points d'eau ,Réhabilitation de points d'eau à sélectionner dans 13 localités dont 6 villages et 7 sites urbains,En cours ,15/08/2015,31/03/2016
Danish Refugee Council (DRC),Organisation internationale,Kindia,Kindia,GIN005004,Cf fichier Zone d'intervention DRC en Basse Guinée,Wash in community ,Autres,"Mise à jour de la cartographie des risques, renforcement des capacités de comités & populations vulnérables dans 13 localités dont 6 villages et 7 sites urbains",Planifié (financé),01/11/2015,31/03/2016
Danish Refugee Council (DRC),Organisation internationale,Kindia,Télimelé,GIN005005,Cf fichier Zone d'intervention DRC en Basse Guinée,Wash in community ,Distri kits + sensibilisation,Distribution de kits + sensibilisation communautaire dans 7 localités dont 5 villages et 2 sites urbains,En cours ,15/08/2015,31/03/2016
Danish Refugee Council (DRC),Organisation internationale,Kindia,Télimelé,GIN005005,Cf fichier Zone d'intervention DRC en Basse Guinée,Wash in community ,Points d'eau ,Réhabilitation de points d'eau à sélectionner dans 7 localités dont 5 villages et 2 sites urbains,En cours ,15/08/2015,31/03/2016
Danish Refugee Council (DRC),Organisation internationale,Kindia,Télimelé,GIN005005,Cf fichier Zone d'intervention DRC en Basse Guinée,Wash in community ,Autres,"Mise à jour de la cartographie des risques, renforcement des capacités de comités & populations vulnérables dans 7 localités dont 5 villages et 2 sites urbains",Planifié (financé),01/11/2015,31/03/2016
PRIDE,ONG nationale,Nzerekore,Nzérékoré,GIN008005," Kokota, Lainé, Bossou, Gueasso, CU Lola, CU N'zérékoré, Bounouma, Yalenzou, Koropara, Gouéké et Koulé",Wash in community ,Distri kits + sensibilisation,Promotion des bonnes pratiques d'hygiène couplée à la distribution des kits de lavages des mains,Terminé,01/03/2015,30/06/2015
Auder,ONG nationale,Nzerekore,Lola,GIN008003,"N'zoo, Bossou, etc…  (en fait 14 communautés dans la prefecture de lola)",Wash in community ,ATPC,Phase de suivi,En cours ,01/03/2015,01/01/2016
CEAD,ONG nationale,Nzerekore,Lola,GIN008003,"Bossou, Lainé, Foumbadou; ",Wash in community ,Points d'eau ,Réalisation de 70 forages et sensibilisation sur l'hygiène ,En cours ,01/04/2015,01/11/2015
CEAD,ONG nationale,Nzerekore,Yomou,GIN008006," Péla, Bhèta ",Wash in community ,Points d'eau ,Réalisation de 70 forages et sensibilisation sur l'hygiène ,En cours ,01/04/2015,01/11/2015
AGIL,ONG nationale,Nzerekore,Nzérékoré,GIN008005,A définir,Wash in community ,Sensibilisation,,En cours ,03/10/2015,05/10/2015
AGIL,ONG nationale,Nzerekore,Lola,GIN008003,A définir,Wash in community ,Sensibilisation,,En cours ,03/10/2015,05/10/2015
AGIL,ONG nationale,Nzerekore,Macenta,GIN008004,A définir,Wash in community ,Sensibilisation,,En cours ,03/10/2015,05/10/2015
AGIL,ONG nationale,Nzerekore,Gueckédou,GIN008002,A définir,Wash in community ,Sensibilisation,,En cours ,03/10/2015,05/10/2015
CECI,,Boke,Boffa,GIN001001,voir liste écoles,Wash in school,Formation,"formation des enseignants, parents d'élèves et élèves sur les bonnes pratiques WASH pour Ebola pour club wash",Terminé,01/06/2015,01/08/2015
CECI,,Boke,Boké,GIN001002,voir liste écoles,Wash in school,Formation,"formation des enseignants, parents d'élèves et élèves sur les bonnes pratiques WASH pour Ebola",Terminé,01/06/2015,01/05/2015
CECI,,Boke,Boffa,GIN001001,voir liste écoles,Wash in school,Autres,création de club Wash dans les écoles,En cours ,09/11/2015,31/12/2015
CECI,,Boke,Boffa,GIN001001,voir liste écoles,Wash in school,Autres,création de club Wash dans les écoles,En cours ,09/11/2015,31/12/2015
CECI,,Boke,Boffa,GIN001001,voir liste communautés ,Wash in community ,Mobilisation sociale,poursuivre la sensibilisation Ebola + causerie éducative + caravane de sensibilisation + formation de 18 agents communautaires (1340 cartons de savons),En cours ,01/11/2015,01/05/2016
CECI,,Boke,Boké,GIN001002,voir liste communautés ,Wash in community ,Mobilisation sociale,poursuivre la sensibilisation Ebola + causerie éducative + caravane de sensibilisation + formation de 18 agents communautaires,En cours ,01/11/2015,01/05/2016
CMC,Organisation internationale,Boke,Boffa,GIN001001,commune urbaine de boffa (150 villages),Wash in community ,ATPC,,Planifié (financé),01/12/2015,01/07/2015
CMC,Organisation internationale,Boke,Boffa,GIN001001,centre ville de CU boffa,Wash in community ,Autres,"Package gestion des déchets, ramassage, formation, materiels ",Planifié (financé),01/12/2015,01/07/2015
CMC,Organisation internationale,Boke,Boffa,GIN001001,commune urbaine de boffa,Wash in community ,Points d'eau ,"Formation maintenance,  réhabilitation  des pts d'eau,gestion et gouvernance de 62 pts d'eau",En cours ,01/01/2007,01/03/2018
CMC,Organisation internationale,Boke,Boffa,GIN001001,"Tougnifily, Tamita",Wash in community ,Points d'eau ,"sensibilisation eau, Formation maintenance, réhabilitation de 77 pts d'eau, création de 22 pts d'eau + système d'impluvium",En cours ,01/03/2015,01/03/2018
UNICEF,Agences des Nations Unies,Kindia,Dubréka,GIN005002,"CS de Tondon, de Kondéa",Wash in health,Réhabilitation Infra santé ,"Forages, latrines, kits d'hygiène, formation",En cours ,01/12/2015,30/03/2016
UNICEF,Agences des Nations Unies,Kindia,Télimelé,GIN005005,"CS de Gougoudjè, de Koba, de Daramagnaki, de Bourouwal, de Koukoudé ",Wash in health,Réhabilitation Infra santé ,"Forages, latrines, kits d'hygiène, formation",En cours ,01/12/2015,30/03/2016
UNICEF,Agences des Nations Unies,Boke,Boffa,GIN001001,PS de Katia,Wash in health,Réhabilitation Infra santé ,"Forages, latrines, kits d'hygiène, formation",En cours ,01/12/2015,30/03/2016
UNICEF,Agences des Nations Unies,Boke,Boké,GIN001002,"CS de Sansalé, de Dabis, de Malapouya, de Kanfarandé, de Kolaboui, de koulifanya, de Dibia",Wash in health,Réhabilitation Infra santé ,"Forages, latrines, kits d'hygiène, formation",En cours ,01/12/2015,30/03/2016
UNICEF,Agences des Nations Unies,Labe,Lélouma,GIN006003,"CS de Sagale, de Herico, de Diountou, de Paarawol, ",Wash in health,Réhabilitation Infra santé ,"Forages, latrines, kits d'hygiène, formation",En cours ,01/12/2015,30/03/2016
UNICEF,Agences des Nations Unies,Labe,Tougué,GIN006005,"CS de Tangaly, de kansaghi, de Koin, de Fello Koundoua, ",Wash in health,Réhabilitation Infra santé ,"Forages, latrines, kits d'hygiène, formation",En cours ,01/12/2015,30/03/2016
UNICEF,Agences des Nations Unies,Mamou,Pita,GIN007003,"PS de Gongorè, de Bourouwal, de Sintaly, de Gadha koubi, de Bantighel, de Donhol Touma, de Ley miro, de Ninguélandè, de la CU",Wash in health,Réhabilitation Infra santé ,"Forages, latrines, kits d'hygiène, formation",En cours ,01/12/2015,30/03/2016
UNICEF,Agences des Nations Unies,Mamou,Dalaba,GIN007001,Centre d'Insertion Socio-professionnelle des jeunes handicapés physique,Wash in health,Réhabilitation Infra santé ,"Forages, latrines, kits d'hygiène, formation",En cours ,01/12/2015,30/03/2016
UNICEF,Agences des Nations Unies,Mamou,Mamou,GIN007002,"CS de Sèrè, de Sabou, de Horè Mamou, de Boulliwel, de Gongorè, de Timbo, de Kégnéko, de Saramoussaya, de Konkouré, de Tolo",Wash in health,Réhabilitation Infra santé ,"Forages, latrines, kits d'hygiène, formation",En cours ,01/12/2015,30/03/2016
UNICEF,Agences des Nations Unies,Nzerekore,Beyla,GIN008001,"CS de Koumandou, de Fouala, de Gbakédou, de Moussadou, de Boola, de Sokourala, de Sinko, ",Wash in health,Réhabilitation Infra santé ,"Forages, latrines, kits d'hygiène, formation",En cours ,01/12/2015,30/03/2015
UNICEF,Agences des Nations Unies,Nzerekore,Yomou,GIN008006,"CS de Bowé, de la CU, de Banié",Wash in health,Réhabilitation Infra santé ,"Forages, latrines, kits d'hygiène, formation",En cours ,01/12/2015,30/03/2015
UNICEF,Agences des Nations Unies,Nzerekore,Macenta,GIN008004,"DPS de Macenta, de Semgbèdou",Wash in health,Réhabilitation Infra santé ,"Forages, latrines, kits d'hygiène, formation",En cours ,01/12/2015,30/03/2015
UNICEF,Agences des Nations Unies,Nzerekore,Yomou,GIN008006,CR de Bowé-Bignamou ,Wash in community ,ATPC,"Formation, déclancement, réalisation de 4,674  latrines hygièniques",En cours ,01/09/2015,31/12/2015
UNICEF,Agences des Nations Unies,Nzerekore,Beyla,GIN008001,"CR de Senko, Gbackédou et Fouala",Wash in community ,ATPC,"Formation, déclancement, réalisation de 876  latrines hygièniques",En cours ,02/09/2015,31/12/2015
UNICEF,Agences des Nations Unies,Kankan,Mandiana,GIN004004,"Kantédoubaladou, Kolenkobida,Dioloko, Nérékoroko, Faraninda,Silabada, Kignény,  Bolokoudoun, Konkoï",Wash in community ,Points d'eau ,Forages manuels,En cours ,,
UNICEF,Agences des Nations Unies,Kankan,Siguiri,GIN004005,"Sokoura, Sossan, Sogbé,Tambalen, Kada, Gnamantombo, Kossokokoumbé, Seinkény, Missamana II, Konomakoura, Kignébékoura Centre, Dialaninken",Wash in community ,Points d'eau ,Forages manuels,En cours ,,
UNICEF,Agences des Nations Unies,Nzerekore,Nzérékoré,GIN008005,"Gouecke, Samoi",Wash in community ,Points d'eau ,Forages manuels,En cours ,,
UNICEF,Agences des Nations Unies,Nzerekore,Lola,GIN008003,Foumbadou; lainé,Wash in community ,Points d'eau ,Forages manuels,En cours ,,
UNICEF,Agences des Nations Unies,Nzerekore,Yomou,GIN008006,"Péla, Bèta",Wash in community ,Points d'eau ,Forages manuels,En cours ,,
UNICEF,Agences des Nations Unies,Nzerekore,Beyla,GIN008001,"Gbèssoba, Nionsomoridou ",Wash in community ,Points d'eau ,Forages manuels,En cours ,,
UNICEF,Agences des Nations Unies,Conakry,Ratoma,GIN00200105,"Demoudoula, Bantounka, Kobaya, Dares salam",Wash in community ,Points d'eau ,Poste d'eau autonome,Achevé,,
UNICEF,Agences des Nations Unies,Conakry,Matoto,GIN00200104,"Gbessia, Dabondy Ecole",Wash in community ,Points d'eau ,Poste d'eau autonome,Achevé,,
UNICEF,Agences des Nations Unies,Kindia,Kindia,GIN005004,Madina Oula,Wash in community ,Points d'eau ,Forages mécaniques,Achevé,,
UNICEF,Agences des Nations Unies,Kindia,Forécariah,GIN005003,"Benty, Moussaya, Sikhourou, Farmoriah, Kaliah, Moussaya",Wash in community ,Points d'eau ,,Achevé,,
AGIL,Organisation internationale,Kindia,Forécariah,GIN005003,,Wash in community ,Distri kits + sensibilisation,78000kits famille,En cours ,28/08/2014,31/12/2017
AGIL,Organisation internationale,Kindia,Forécariah,GIN005003,,Wash in health,Distri kits + Formation,1000,En cours ,28/08/2014,31/12/2017
AGIL,Organisation internationale,Kindia,Forécariah,GIN005003,,Wash in community ,Distri kits + Formation,1300 Kits lieux publics,En cours ,28/08/2014,31/12/2017
AGIL,Organisation internationale,Kindia,Kindia,GIN005004,,Wash in community ,Distri kits + Formation,500 kits famille,Terminé,13/05/2015,18/08/2015
AGIL,Organisation internationale,Boke,Boffa,GIN001001,,Wash in community ,Distri kits + Formation,10000 kits famille ,En cours ,18/03/2015,31/12/2017
AGIL,Organisation internationale,Boke,Boffa,GIN001001,,Wash in health,Distri kits + Formation,2000 kits structure de santé ,En cours ,18/03/2015,31/12/2017
AGIL,Organisation internationale,Boke,Boké,GIN001002,,Wash in community ,Distri kits + Formation,10000 kits structure de santé ,En cours ,18/03/2015,31/12/2017
AGIL,Organisation internationale,Boke,Boké,GIN001002,,Wash in health,Distri kits + Formation,2000 kits structure de santé ,En cours ,18/03/2015,31/12/2017
AGIL,Organisation internationale,Boke,Fria,GIN001005,,Wash in community ,Distri kits + Formation,10000 kits structure de santé ,En cours ,18/03/2015,31/12/2017
AGIL,Organisation internationale,Boke,Fria,GIN001005,,Wash in health,Distri kits + Formation,2000 kits structure de santé ,En cours ,18/03/2015,31/12/2017
AGIL,Organisation internationale,Faranah,Faranah,GIN003003,,Wash in community ,Distri kits + Formation,10000 kits structure de santé ,Terminé,13/05/2015,18/08/2015
AGIL,Organisation internationale,Faranah,Faranah,GIN003003,,Wash in health,Distri kits + Formation,2000 kits structure de santé ,Terminé,13/05/2015,18/08/2015
AGIL,Organisation internationale,Nzerekore,Beyla,GIN008001,,Wash in community ,Distri kits + Formation,10000 kits structure de santé ,Terminé,13/05/2015,18/08/2015
AGIL,Organisation internationale,Nzerekore,Beyla,GIN008001,,Wash in health,Distri kits + Formation,2000 kits structure de santé ,Terminé,13/05/2015,18/08/2015
AGIL,Organisation internationale,Kankan,Kérouané,GIN004002,,Wash in community ,Distri kits + Formation,10000 kits structure de santé ,Terminé,13/05/2015,18/08/2015
AGIL,Organisation internationale,Kankan,Kérouané,GIN004002,,Wash in health,Distri kits + Formation,2000 kits structure de santé ,Terminé,13/05/2015,18/08/2015
